Donor ID,Name,Gender,Blood Type,Location,Email,Contact
20AN01,Hill Marie,Female,A-,Palm Bay,Hill@gmail.com,14049348686
20AN02,John Phillips,Male,A-,Lake City,Phillips@yahoo.com,14045467821
20AN03,Mullins Cole,Male,A-,Key West,KeyWest@hotmail.com,14043274678
20AN04,Hector Mitch,Male,A-,Lake City,Hector@hotmail.com,14043274466
20AN05,Fiona Smith,Female,A-,Palm Bay,FionaSmith@yahoo.com,14041812300
20AN06,Sofia Shade,Female,A-,Palm Bay,Sofia@yahoo.com,14040715623
20AN07,Arthur Buck,Male,A-,Key West,ArthurBuck@gmail.com,14039618945
20AN08,Julian Sanchez,Female,A-,Lake City,Julian Sanchez@gmail.com,14037622360
20AN09,Allie Abad,Female,A-,Key West,Allie Abad@hotmail.com,14036188218
20AN10,Warren Hill,Male,A-,Lake City,Warren Hill@gmail.com,14034754075
20AN11,Brills Plum,Male,A-,Key West,Brills Plum@yahoo.com,14033319932
20AN12,Haward Craft,Male,A-,Key West,Haward Craft@gmail.com,14031885789
20AN13,Misty Puntz,Female,A-,Palm Bay,Misty Puntz@yahoo.com,14030451647
20AN14,Handerson,Male,A-,Palm Bay,Handerson@yahoo.com,14029017504
20AN15,Tina Jinnie,Female,A-,Key West,Tina Jinnie@gmail.com,14027583361
